{
    "sql": "select * from book where id = ?",
    "table": "book",
    "columns": {
        "id": "int auto_increment not null primary key",
        "isbn": {
            "db": "varchar(32)",
            "access": "rw"
        },
        "author": {
            "class": "BookAuthors"
        },
        "title": {
            "db": "varchar(512)",
            "access": "rw"
        }
    },
    "data": [
        {
            "id" : 1,
            "isbn": "9780072253573",
            "title": "JavaScript: The Complete Reference, 2nNd edition"
        },
        {
            "id" : 2,
            "isbn": "9780764572821",
            "title": "Professional PHP 5"
        },
        {
            "id" : 3,
            "isbn": "9781449316648",
            "title": "Programming Android: Java Programming for the New Generation of Mobile Devices"
        }
    ]
}