{
    "table": "country",
    "columns": {
        "id": "int auto_increment not null primary key",
        "name": {
            "db": "varchar(64)"
        }
    },
    "data":[
        {
            "name":"Afghanistan"
        },
        {
            "name":"Albania"
        },
        {
            "name":"Algeria"
        },
        {
            "name":"Andorra"
        },
        {
            "name":"Angola"
        },
        {
            "name":"Antigua & Deps"
        },
        {
            "name":"Argentina"
        },
        {
            "name":"Armenia"
        },
        {
            "name":"Australia"
        },
        {
            "name":"Austria"
        },
        {
            "name":"Azerbaijan"
        },
        {
            "name":"Bahamas"
        },
        {
            "name":"Bahrain"
        },
        {
            "name":"Bangladesh"
        },
        {
            "name":"Barbados"
        },
        {
            "name":"Belarus"
        },
        {
            "name":"Belgium"
        },
        {
            "name":"Belize"
        },
        {
            "name":"Benin"
        },
        {
            "name":"Bhutan"
        },
        {
            "name":"Bolivia"
        },
        {
            "name":"Bosnia Herzegovina"
        },
        {
            "name":"Botswana"
        },
        {
            "name":"Brazil"
        },
        {
            "name":"Brunei"
        },
        {
            "name":"Bulgaria"
        },
        {
            "name":"Burkina"
        },
        {
            "name":"Burundi"
        },
        {
            "name":"Cambodia"
        },
        {
            "name":"Cameroon"
        },
        {
            "name":"Canada"
        },
        {
            "name":"Cape Verde"
        },
        {
            "name":"Central African Rep"
        },
        {
            "name":"Chad"
        },
        {
            "name":"Chile"
        },
        {
            "name":"China"
        },
        {
            "name":"Colombia"
        },
        {
            "name":"Comoros"
        },
        {
            "name":"Congo"
        },
        {
            "name":"Congo {Democratic Rep}"
        },
        {
            "name":"Costa Rica"
        },
        {
            "name":"Croatia"
        },
        {
            "name":"Cuba"
        },
        {
            "name":"Cyprus"
        },
        {
            "name":"Czech Republic"
        },
        {
            "name":"Denmark"
        },
        {
            "name":"Djibouti"
        },
        {
            "name":"Dominica"
        },
        {
            "name":"Dominican Republic"
        },
        {
            "name":"East Timor"
        },
        {
            "name":"Ecuador"
        },
        {
            "name":"Egypt"
        },
        {
            "name":"El Salvador"
        },
        {
            "name":"Equatorial Guinea"
        },
        {
            "name":"Eritrea"
        },
        {
            "name":"Estonia"
        },
        {
            "name":"Ethiopia"
        },
        {
            "name":"Fiji"
        },
        {
            "name":"Finland"
        },
        {
            "name":"France"
        },
        {
            "name":"Gabon"
        },
        {
            "name":"Gambia"
        },
        {
            "name":"Georgia"
        },
        {
            "name":"Germany"
        },
        {
            "name":"Ghana"
        },
        {
            "name":"Greece"
        },
        {
            "name":"Grenada"
        },
        {
            "name":"Guatemala"
        },
        {
            "name":"Guinea"
        },
        {
            "name":"Guinea-Bissau"
        },
        {
            "name":"Guyana"
        },
        {
            "name":"Haiti"
        },
        {
            "name":"Honduras"
        },
        {
            "name":"Hungary"
        },
        {
            "name":"Iceland"
        },
        {
            "name":"India"
        },
        {
            "name":"Indonesia"
        },
        {
            "name":"Iran"
        },
        {
            "name":"Iraq"
        },
        {
            "name":"Ireland {Republic}"
        },
        {
            "name":"Israel"
        },
        {
            "name":"Italy"
        },
        {
            "name":"Ivory Coast"
        },
        {
            "name":"Jamaica"
        },
        {
            "name":"Japan"
        },
        {
            "name":"Jordan"
        },
        {
            "name":"Kazakhstan"
        },
        {
            "name":"Kenya"
        },
        {
            "name":"Kiribati"
        },
        {
            "name":"Korea North"
        },
        {
            "name":"Korea South"
        },
        {
            "name":"Kosovo"
        },
        {
            "name":"Kuwait"
        },
        {
            "name":"Kyrgyzstan"
        },
        {
            "name":"Laos"
        },
        {
            "name":"Latvia"
        },
        {
            "name":"Lebanon"
        },
        {
            "name":"Lesotho"
        },
        {
            "name":"Liberia"
        },
        {
            "name":"Libya"
        },
        {
            "name":"Liechtenstein"
        },
        {
            "name":"Lithuania"
        },
        {
            "name":"Luxembourg"
        },
        {
            "name":"Macedonia"
        },
        {
            "name":"Madagascar"
        },
        {
            "name":"Malawi"
        },
        {
            "name":"Malaysia"
        },
        {
            "name":"Maldives"
        },
        {
            "name":"Mali"
        },
        {
            "name":"Malta"
        },
        {
            "name":"Marshall Islands"
        },
        {
            "name":"Mauritania"
        },
        {
            "name":"Mauritius"
        },
        {
            "name":"Mexico"
        },
        {
            "name":"Micronesia"
        },
        {
            "name":"Moldova"
        },
        {
            "name":"Monaco"
        },
        {
            "name":"Mongolia"
        },
        {
            "name":"Montenegro"
        },
        {
            "name":"Morocco"
        },
        {
            "name":"Mozambique"
        },
        {
            "name":"Myanmar, {Burma}"
        },
        {
            "name":"Namibia"
        },
        {
            "name":"Nauru"
        },
        {
            "name":"Nepal"
        },
        {
            "name":"Netherlands"
        },
        {
            "name":"New Zealand"
        },
        {
            "name":"Nicaragua"
        },
        {
            "name":"Niger"
        },
        {
            "name":"Nigeria"
        },
        {
            "name":"Norway"
        },
        {
            "name":"Oman"
        },
        {
            "name":"Pakistan"
        },
        {
            "name":"Palau"
        },
        {
            "name":"Panama"
        },
        {
            "name":"Papua New Guinea"
        },
        {
            "name":"Paraguay"
        },
        {
            "name":"Peru"
        },
        {
            "name":"Philippines"
        },
        {
            "name":"Poland"
        },
        {
            "name":"Portugal"
        },
        {
            "name":"Qatar"
        },
        {
            "name":"Romania"
        },
        {
            "name":"Russian Federation"
        },
        {
            "name":"Rwanda"
        },
        {
            "name":"St Kitts & Nevis"
        },
        {
            "name":"St Lucia"
        },
        {
            "name":"Saint Vincent & the Grenadines"
        },
        {
            "name":"Samoa"
        },
        {
            "name":"San Marino"
        },
        {
            "name":"Sao Tome & Principe"
        },
        {
            "name":"Saudi Arabia"
        },
        {
            "name":"Senegal"
        },
        {
            "name":"Serbia"
        },
        {
            "name":"Seychelles"
        },
        {
            "name":"Sierra Leone"
        },
        {
            "name":"Singapore"
        },
        {
            "name":"Slovakia"
        },
        {
            "name":"Slovenia"
        },
        {
            "name":"Solomon Islands"
        },
        {
            "name":"Somalia"
        },
        {
            "name":"South Africa"
        },
        {
            "name":"South Sudan"
        },
        {
            "name":"Spain"
        },
        {
            "name":"Sri Lanka"
        },
        {
            "name":"Sudan"
        },
        {
            "name":"Suriname"
        },
        {
            "name":"Swaziland"
        },
        {
            "name":"Sweden"
        },
        {
            "name":"Switzerland"
        },
        {
            "name":"Syria"
        },
        {
            "name":"Taiwan"
        },
        {
            "name":"Tajikistan"
        },
        {
            "name":"Tanzania"
        },
        {
            "name":"Thailand"
        },
        {
            "name":"Togo"
        },
        {
            "name":"Tonga"
        },
        {
            "name":"Trinidad & Tobago"
        },
        {
            "name":"Tunisia"
        },
        {
            "name":"Turkey"
        },
        {
            "name":"Turkmenistan"
        },
        {
            "name":"Tuvalu"
        },
        {
            "name":"Uganda"
        },
        {
            "name":"Ukraine"
        },
        {
            "name":"United Arab Emirates"
        },
        {
            "name":"United Kingdom"
        },
        {
            "name":"United States"
        },
        {
            "name":"Uruguay"
        },
        {
            "name":"Uzbekistan"
        },
        {
            "name":"Vanuatu"
        },
        {
            "name":"Vatican City"
        },
        {
            "name":"Venezuela"
        },
        {
            "name":"Vietnam"
        },
        {
            "name":"Yemen"
        },
        {
            "name":"Zambia"
        },
        {
            "name":"Zimbabwe"
        }
    ]
}