{
    "sql": "select id,title,folder_id from chess_database where id=?",
	"table": "chess_database",
	"columns": {
		"id": {
			"db": "int auto_increment not null primary key"
		},
		"title": {
			"db": "varchar(256)",
			"access": "rw"
		},
		"folder_id": {
			"db": "int",
			"access": "rw",
            "references": "chess_folder(id) on delete cascade"
		}
	},
	"indexes": ["folder_id"],
    "data": [
        { "id": 1, "title": "1001 brilliant checkmates", "folder_id" : 1},
        { "id": 2, "title": "Brilliant combinations", "folder_id" : 1},
        { "id": 3, "title": "Morphy", "folder_id" : 3},
        { "id": 4, "title": "Kasparov", "folder_id" : 4},
        { "id": 5, "title": "Karpov", "folder_id" : 4},
        { "id": 6, "title": "Fischer", "folder_id" : 4},
        { "id": 7, "title": "Magnus Carlsen", "folder_id" : 5}
    ],
    "static": {
        "type": "database"
    }
}