{
	"table": "chess_folder",
	"columns": {
		"id": {
			"db": "int auto_increment not null primary key"
		},
		"title": {
			"db": "varchar(256)",
			"access": "rw"
		},
        "description": {
            "db": "text",
            "access":"rw"
        },
		"parent": {
			"db": "int",
            "access": "rw"
		},
        "sort": {
            "db": "int",
            "access": "rw",
            "default": 1
        }
	},
    "data": [
        {
            "id":1, "title": "Tactics"
        },{
            "id": 2, "title": "Historic games"
        },
        {
            "id": 3, "title": "Before 1950", "parent" : 2
        },
        {
            "id": 4, "title": "1950 - 2000", "parent": 2
        },
        {
            "id": 5, "title": "2000 -", "parent": 2
        }
    ],
    "static": {
        "type": "folder"
    }
}