{
    "table": "chess_seek",
    "sql": "select chess_seek.id,chess_seek.player_id, chess_seek.ts,chess_seek.time_control_id, time_control.time_control where chess_seek.time_control_id = time_control.id and chess_seek.id=?",
    "columns": {
        "id": "int auto_increment not null primary key",
        "player_id": {
            "db": "int",
            "access": "rw",
            "references" : "chess_player(id) on delete cascade"
        },
        "ts": "timestamp",
        "time_control_id":{
            "db": "int",
            "access": "rw",
            "references": "chess_time_control(id) on delete cascade"
        },
        "from_elo": {
            "db": "int",
            "access": "rw"
        },
        "to_elo": {
            "db": "int",
            "access": "rw"
        },
        "rated": {
            "db": "char(1)",
            "access":"rw"
        }
    },
    "indexes": ["player_id"]
}