{
    "table":"chess_time_control",
    "sql":"select * from chess_time_control where id=?",
    "columns":{
        "id":"int auto_increment not null primary key",
        "time":{
            "db":"int",
            "access":"rw"
        },
        "move_increment":{
            "db":"int default 0",
            "access":"rw"
        },
        "add_time_on":{
            "db":"int",
            "access":"rw"
        },
        "time_to_add":{
            "db":"int",
            "access":"rw"
        },
        "category":{
            "db":"int",
            "access":"w"
        }
    },
    "indexes":["category"],
    "data":[
        {
            "time":5
        },
        {
            "time":10,
            "category":4
        },
        {
            "time":15,
            "category":4
        },
        {
            "time":30,
            "category":4
        },
        {
            "time":45,
            "category":4
        },
        {
            "time":90,
            "category":4
        },
        {
            "time":90,
            "move_increment":30
        },
        {
            "time":120,
            "category":4
        },
        {
            "time":1,
            "category":1
        },
        {
            "time":2,
            "category":1
        },
        {
            "time":3,
            "category":1
        },
        {
            "time":4,
            "category":1
        },
        {
            "time":5,
            "category":1
        },
        {
            "time":6,
            "category":1
        },
        {
            "time":7,
            "category":1
        },
        {
            "time":8,
            "category":1
        },
        {
            "time":9,
            "category":1
        },
        {
            "time":10,
            "category":1
        },
        {
            "time":11,
            "category":1
        },
        {
            "time":12,
            "category":1
        },
        {
            "time":13,
            "category":1
        },
        {
            "time":14,
            "category":1
        }
    ]
}