[{"file":"grey-wood-strip-horizontal.png","brightness":103.04954954955},{"file":"grey-wood-strip-vertical.png","brightness":92.06006006006},{"file":"red-wood-strip-horizontal.png","brightness":42.524752475248},{"file":"red-wood-strip-vertical.png","brightness":41.905940594059},{"file":"wood-strip-dark-horizontal.png","brightness":26.899491094148},{"file":"wood-strip-dark-vertical.png","brightness":26.184478371501},{"file":"wood-strip-horizontal.png","brightness":58.129129129129},{"file":"wood-strip-vertical.png","brightness":59.688118811881},{"file":"wood-strip2-horizontal.png","brightness":98.955922865014},{"file":"wood-strip2-vertical.png","brightness":98.914600550964},{"file":"wood-strip3-horizontal.png","brightness":159.90264026403},{"file":"wood-strip3-vertical.png","brightness":160.31518151815},{"file":"wood-strip5-horizontal.png","brightness":181.16831683168},{"file":"wood-strip5-vertical.png","brightness":181.03795379538},{"file":"wood-strip6-horizontal.png","brightness":103.08745874587},{"file":"wood-strip6-vertical.png","brightness":105.10231023102}]